ingredients	primary cooking method	cooking methods	cooking tools
Team 4	2.6090545473434674	3	3.5844155844155843	3.4305555555555554
